country,date,Population,NewCases,TotalCases,NewDeaths,TotalDeaths,lat,long
Mexico_2020,1/22,127576000,0,0,0,0,23.6345,-102.5528
Mexico_2020,1/23,127576000,0,0,0,0,23.6345,-102.5528
Mexico_2020,1/24,127576000,0,0,0,0,23.6345,-102.5528
Mexico_2020,1/25,127576000,0,0,0,0,23.6345,-102.5528
Mexico_2020,1/26,127576000,0,0,0,0,23.6345,-102.5528
Mexico_2020,1/27,127576000,0,0,0,0,23.6345,-102.5528
Mexico_2020,1/28,127576000,0,0,0,0,23.6345,-102.5528
Mexico_2020,1/29,127576000,0,0,0,0,23.6345,-102.5528
Mexico_2020,1/30,127576000,0,0,0,0,23.6345,-102.5528
Mexico_2020,1/31,127576000,0,0,0,0,23.6345,-102.5528
Mexico_2020,2/1,127576000,0,0,0,0,23.6345,-102.5528
Mexico_2020,2/2,127576000,0,0,0,0,23.6345,-102.5528
Mexico_2020,2/3,127576000,0,0,0,0,23.6345,-102.5528
Mexico_2020,2/4,127576000,0,0,0,0,23.6345,-102.5528
Mexico_2020,2/5,127576000,0,0,0,0,23.6345,-102.5528
Mexico_2020,2/6,127576000,0,0,0,0,23.6345,-102.5528
Mexico_2020,2/7,127576000,0,0,0,0,23.6345,-102.5528
Mexico_2020,2/8,127576000,0,0,0,0,23.6345,-102.5528
Mexico_2020,2/9,127576000,0,0,0,0,23.6345,-102.5528
Mexico_2020,2/10,127576000,0,0,0,0,23.6345,-102.5528
Mexico_2020,2/11,127576000,0,0,0,0,23.6345,-102.5528
Mexico_2020,2/12,127576000,0,0,0,0,23.6345,-102.5528
Mexico_2020,2/13,127576000,0,0,0,0,23.6345,-102.5528
Mexico_2020,2/14,127576000,0,0,0,0,23.6345,-102.5528
Mexico_2020,2/15,127576000,0,0,0,0,23.6345,-102.5528
Mexico_2020,2/16,127576000,0,0,0,0,23.6345,-102.5528
Mexico_2020,2/17,127576000,0,0,0,0,23.6345,-102.5528
Mexico_2020,2/18,127576000,0,0,0,0,23.6345,-102.5528
Mexico_2020,2/19,127576000,0,0,0,0,23.6345,-102.5528
Mexico_2020,2/20,127576000,0,0,0,0,23.6345,-102.5528
Mexico_2020,2/21,127576000,0,0,0,0,23.6345,-102.5528
Mexico_2020,2/22,127576000,0,0,0,0,23.6345,-102.5528
Mexico_2020,2/23,127576000,0,0,0,0,23.6345,-102.5528
Mexico_2020,2/24,127576000,0,0,0,0,23.6345,-102.5528
Mexico_2020,2/25,127576000,0,0,0,0,23.6345,-102.5528
Mexico_2020,2/26,127576000,0,0,0,0,23.6345,-102.5528
Mexico_2020,2/27,127576000,0,0,0,0,23.6345,-102.5528
Mexico_2020,2/28,127576000,1,1,0,0,23.6345,-102.5528
Mexico_2020,2/29,127576000,3,4,0,0,23.6345,-102.5528
Mexico_2020,3/1,127576000,1,5,0,0,23.6345,-102.5528
Mexico_2020,3/2,127576000,0,5,0,0,23.6345,-102.5528
Mexico_2020,3/3,127576000,0,5,0,0,23.6345,-102.5528
Mexico_2020,3/4,127576000,0,5,0,0,23.6345,-102.5528
Mexico_2020,3/5,127576000,0,5,0,0,23.6345,-102.5528
Mexico_2020,3/6,127576000,1,6,0,0,23.6345,-102.5528
Mexico_2020,3/7,127576000,0,6,0,0,23.6345,-102.5528
Mexico_2020,3/8,127576000,1,7,0,0,23.6345,-102.5528
Mexico_2020,3/9,127576000,0,7,0,0,23.6345,-102.5528
Mexico_2020,3/10,127576000,0,7,0,0,23.6345,-102.5528
Mexico_2020,3/11,127576000,1,8,0,0,23.6345,-102.5528
Mexico_2020,3/12,127576000,4,12,0,0,23.6345,-102.5528
Mexico_2020,3/13,127576000,14,26,0,0,23.6345,-102.5528
Mexico_2020,3/14,127576000,15,41,0,0,23.6345,-102.5528
Mexico_2020,3/15,127576000,12,53,0,0,23.6345,-102.5528
Mexico_2020,3/16,127576000,29,82,0,0,23.6345,-102.5528
Mexico_2020,3/17,127576000,11,93,0,0,23.6345,-102.5528
Mexico_2020,3/18,127576000,25,118,0,0,23.6345,-102.5528
Mexico_2020,3/19,127576000,46,164,1,1,23.6345,-102.5528
Mexico_2020,3/20,127576000,39,203,1,2,23.6345,-102.5528
Mexico_2020,3/21,127576000,48,251,0,2,23.6345,-102.5528
Mexico_2020,3/22,127576000,65,316,1,3,23.6345,-102.5528
Mexico_2020,3/23,127576000,51,367,1,4,23.6345,-102.5528
Mexico_2020,3/24,127576000,38,405,1,5,23.6345,-102.5528
Mexico_2020,3/25,127576000,70,475,1,6,23.6345,-102.5528
Mexico_2020,3/26,127576000,110,585,2,8,23.6345,-102.5528
Mexico_2020,3/27,127576000,132,717,4,12,23.6345,-102.5528
Mexico_2020,3/28,127576000,131,848,4,16,23.6345,-102.5528
Mexico_2020,3/29,127576000,145,993,4,20,23.6345,-102.5528
Mexico_2020,3/30,127576000,101,1094,8,28,23.6345,-102.5528
Mexico_2020,3/31,127576000,121,1215,1,29,23.6345,-102.5528
Mexico_2020,4/1,127576000,163,1378,8,37,23.6345,-102.5528
Mexico_2020,4/2,127576000,132,1510,13,50,23.6345,-102.5528
Mexico_2020,4/3,127576000,178,1688,10,60,23.6345,-102.5528
Mexico_2020,4/4,127576000,202,1890,19,79,23.6345,-102.5528
Mexico_2020,4/5,127576000,253,2143,15,94,23.6345,-102.5528
Mexico_2020,4/6,127576000,296,2439,31,125,23.6345,-102.5528
Mexico_2020,4/7,127576000,346,2785,16,141,23.6345,-102.5528
Mexico_2020,4/8,127576000,396,3181,33,174,23.6345,-102.5528
Mexico_2020,4/9,127576000,260,3441,20,194,23.6345,-102.5528
Mexico_2020,4/10,127576000,403,3844,39,233,23.6345,-102.5528
Mexico_2020,4/11,127576000,375,4219,40,273,23.6345,-102.5528
Mexico_2020,4/12,127576000,442,4661,23,296,23.6345,-102.5528
Mexico_2020,4/13,127576000,353,5014,36,332,23.6345,-102.5528
Mexico_2020,4/14,127576000,385,5399,74,406,23.6345,-102.5528
Mexico_2020,4/15,127576000,448,5847,43,449,23.6345,-102.5528
Mexico_2020,4/16,127576000,450,6297,37,486,23.6345,-102.5528
Mexico_2020,4/17,127576000,578,6875,60,546,23.6345,-102.5528
Mexico_2020,4/18,127576000,622,7497,104,650,23.6345,-102.5528
Mexico_2020,4/19,127576000,764,8261,36,686,23.6345,-102.5528
Mexico_2020,4/20,127576000,511,8772,26,712,23.6345,-102.5528
Mexico_2020,4/21,127576000,729,9501,145,857,23.6345,-102.5528
Mexico_2020,4/22,127576000,1043,10544,113,970,23.6345,-102.5528
Mexico_2020,4/23,127576000,1089,11633,99,1069,23.6345,-102.5528
Mexico_2020,4/24,127576000,1239,12872,152,1221,23.6345,-102.5528
Mexico_2020,4/25,127576000,970,13842,84,1305,23.6345,-102.5528
Mexico_2020,4/26,127576000,835,14677,46,1351,23.6345,-102.5528
Mexico_2020,4/27,127576000,852,15529,83,1434,23.6345,-102.5528
Mexico_2020,4/28,127576000,1223,16752,135,1569,23.6345,-102.5528
Mexico_2020,4/29,127576000,1047,17799,163,1732,23.6345,-102.5528
Mexico_2020,4/30,127576000,1425,19224,127,1859,23.6345,-102.5528
Mexico_2020,5/1,127576000,1515,20739,113,1972,23.6345,-102.5528
Mexico_2020,5/2,127576000,1349,22088,89,2061,23.6345,-102.5528
Mexico_2020,5/3,127576000,1383,23471,93,2154,23.6345,-102.5528
Mexico_2020,5/4,127576000,1434,24905,117,2271,23.6345,-102.5528
Mexico_2020,5/5,127576000,1120,26025,236,2507,23.6345,-102.5528
Mexico_2020,5/6,127576000,1609,27634,197,2704,23.6345,-102.5528
Mexico_2020,5/7,127576000,1982,29616,257,2961,23.6345,-102.5528
Mexico_2020,5/8,127576000,1906,31522,199,3160,23.6345,-102.5528
Mexico_2020,5/9,127576000,1938,33460,193,3353,23.6345,-102.5528
Mexico_2020,5/10,127576000,1562,35022,112,3465,23.6345,-102.5528
Mexico_2020,5/11,127576000,1305,36327,108,3573,23.6345,-102.5528
Mexico_2020,5/12,127576000,1997,38324,353,3926,23.6345,-102.5528
Mexico_2020,5/13,127576000,1862,40186,294,4220,23.6345,-102.5528
Mexico_2020,5/14,127576000,2409,42595,257,4477,23.6345,-102.5528
Mexico_2020,5/15,127576000,2437,45032,290,4767,23.6345,-102.5528
Mexico_2020,5/16,127576000,2112,47144,278,5045,23.6345,-102.5528
Mexico_2020,5/17,127576000,2075,49219,132,5177,23.6345,-102.5528
Mexico_2020,5/18,127576000,2414,51633,155,5332,23.6345,-102.5528
Mexico_2020,5/19,127576000,2713,54346,334,5666,23.6345,-102.5528
Mexico_2020,5/20,127576000,2248,56594,424,6090,23.6345,-102.5528
Mexico_2020,5/21,127576000,2973,59567,420,6510,23.6345,-102.5528
Mexico_2020,5/22,127576000,2960,62527,479,6989,23.6345,-102.5528
Mexico_2020,5/23,127576000,3329,65856,190,7179,23.6345,-102.5528
Mexico_2020,5/24,127576000,2764,68620,215,7394,23.6345,-102.5528
Mexico_2020,5/25,127576000,2485,71105,239,7633,23.6345,-102.5528
Mexico_2020,5/26,127576000,3455,74560,501,8134,23.6345,-102.5528
Mexico_2020,5/27,127576000,3463,78023,463,8597,23.6345,-102.5528
Mexico_2020,5/28,127576000,3377,81400,447,9044,23.6345,-102.5528
Mexico_2020,5/29,127576000,3227,84627,371,9415,23.6345,-102.5528
Mexico_2020,5/30,127576000,2885,87512,364,9779,23.6345,-102.5528
Mexico_2020,5/31,127576000,3152,90664,151,9930,23.6345,-102.5528
Mexico_2020,6/1,127576000,2771,93435,237,10167,23.6345,-102.5528
Mexico_2020,6/2,127576000,3891,97326,470,10637,23.6345,-102.5528
Mexico_2020,6/3,127576000,3912,101238,1092,11729,23.6345,-102.5528
Mexico_2020,6/4,127576000,4442,105680,816,12545,23.6345,-102.5528
Mexico_2020,6/5,127576000,4346,110026,625,13170,23.6345,-102.5528
Mexico_2020,6/6,127576000,3593,113619,341,13511,23.6345,-102.5528
Mexico_2020,6/7,127576000,3484,117103,188,13699,23.6345,-102.5528
Mexico_2020,6/8,127576000,2999,120102,354,14053,23.6345,-102.5528
Mexico_2020,6/9,127576000,4199,124301,596,14649,23.6345,-102.5528
Mexico_2020,6/10,127576000,4883,129184,708,15357,23.6345,-102.5528
Mexico_2020,6/11,127576000,4790,133974,587,15944,23.6345,-102.5528
Mexico_2020,6/12,127576000,5222,139196,504,16448,23.6345,-102.5528
Mexico_2020,6/13,127576000,3494,142690,424,16872,23.6345,-102.5528
Mexico_2020,6/14,127576000,4147,146837,269,17141,23.6345,-102.5528
Mexico_2020,6/15,127576000,3427,150264,439,17580,23.6345,-102.5528
Mexico_2020,6/16,127576000,4599,154863,730,18310,23.6345,-102.5528
Mexico_2020,6/17,127576000,4930,159793,770,19080,23.6345,-102.5528
Mexico_2020,6/18,127576000,5662,165455,667,19747,23.6345,-102.5528
Mexico_2020,6/19,127576000,5030,170485,647,20394,23.6345,-102.5528
Mexico_2020,6/20,127576000,4717,175202,387,20781,23.6345,-102.5528
Mexico_2020,6/21,127576000,5343,180545,1044,21825,23.6345,-102.5528
Mexico_2020,6/22,127576000,4577,185122,759,22584,23.6345,-102.5528
Mexico_2020,6/23,127576000,6288,191410,793,23377,23.6345,-102.5528
Mexico_2020,6/24,127576000,5437,196847,947,24324,23.6345,-102.5528
Mexico_2020,6/25,127576000,6104,202951,736,25060,23.6345,-102.5528
Mexico_2020,6/26,127576000,5441,208392,719,25779,23.6345,-102.5528
Mexico_2020,6/27,127576000,4410,212802,602,26381,23.6345,-102.5528
Mexico_2020,6/28,127576000,4050,216852,267,26648,23.6345,-102.5528
Mexico_2020,6/29,127576000,3805,220657,473,27121,23.6345,-102.5528
Mexico_2020,6/30,127576000,5432,226089,648,27769,23.6345,-102.5528
Mexico_2020,7/1,127576000,5681,231770,741,28510,23.6345,-102.5528
Mexico_2020,7/2,127576000,6741,238511,679,29189,23.6345,-102.5528
Mexico_2020,7/3,127576000,6740,245251,654,29843,23.6345,-102.5528
Mexico_2020,7/4,127576000,6914,252165,523,30366,23.6345,-102.5528
Mexico_2020,7/5,127576000,4683,256848,273,30639,23.6345,-102.5528
Mexico_2020,7/6,127576000,4902,261750,480,31119,23.6345,-102.5528
Mexico_2020,7/7,127576000,6258,268008,895,32014,23.6345,-102.5528
Mexico_2020,7/8,127576000,6995,275003,782,32796,23.6345,-102.5528
Mexico_2020,7/9,127576000,7280,282283,730,33526,23.6345,-102.5528
Mexico_2020,7/10,127576000,6891,289174,665,34191,23.6345,-102.5528
Mexico_2020,7/11,127576000,6094,295268,539,34730,23.6345,-102.5528
Mexico_2020,7/12,127576000,4482,299750,276,35006,23.6345,-102.5528
Mexico_2020,7/13,127576000,4685,304435,485,35491,23.6345,-102.5528
Mexico_2020,7/14,127576000,7051,311486,836,36327,23.6345,-102.5528
Mexico_2020,7/15,127576000,6149,317635,579,36906,23.6345,-102.5528
Mexico_2020,7/16,127576000,6406,324041,668,37574,23.6345,-102.5528
Mexico_2020,7/17,127576000,7257,331298,736,38310,23.6345,-102.5528
Mexico_2020,7/18,127576000,7615,338913,578,38888,23.6345,-102.5528
Mexico_2020,7/19,127576000,5311,344224,296,39184,23.6345,-102.5528
Mexico_2020,7/20,127576000,5172,349396,301,39485,23.6345,-102.5528
Mexico_2020,7/21,127576000,6859,356255,915,40400,23.6345,-102.5528
Mexico_2020,7/22,127576000,6019,362274,790,41190,23.6345,-102.5528
Mexico_2020,7/23,127576000,8438,370712,718,41908,23.6345,-102.5528
Mexico_2020,7/24,127576000,7573,378285,737,42645,23.6345,-102.5528
Mexico_2020,7/25,127576000,6751,385036,729,43374,23.6345,-102.5528
Mexico_2020,7/26,127576000,5480,390516,306,43680,23.6345,-102.5528
Mexico_2020,7/27,127576000,4973,395489,342,44022,23.6345,-102.5528
Mexico_2020,7/28,127576000,7208,402697,854,44876,23.6345,-102.5528
Mexico_2020,7/29,127576000,5752,408449,485,45361,23.6345,-102.5528
Mexico_2020,7/30,127576000,7730,416179,639,46000,23.6345,-102.5528
Mexico_2020,7/31,127576000,8458,424637,688,46688,23.6345,-102.5528
Mexico_2020,8/1,127576000,9556,434193,784,47472,23.6345,-102.5528
Mexico_2020,8/2,127576000,4853,439046,274,47746,23.6345,-102.5528
Mexico_2020,8/3,127576000,4767,443813,266,48012,23.6345,-102.5528
Mexico_2020,8/4,127576000,6148,449961,857,48869,23.6345,-102.5528
Mexico_2020,8/5,127576000,6139,456100,829,49698,23.6345,-102.5528
Mexico_2020,8/6,127576000,6590,462690,819,50517,23.6345,-102.5528
Mexico_2020,8/7,127576000,6717,469407,794,51311,23.6345,-102.5528
Mexico_2020,8/8,127576000,6495,475902,695,52006,23.6345,-102.5528
Mexico_2020,8/9,127576000,4376,480278,292,52298,23.6345,-102.5528
Mexico_2020,8/10,127576000,5558,485836,705,53003,23.6345,-102.5528
Mexico_2020,8/11,127576000,6686,492522,926,53929,23.6345,-102.5528
Mexico_2020,8/12,127576000,5858,498380,737,54666,23.6345,-102.5528
Mexico_2020,8/13,127576000,7371,505751,627,55293,23.6345,-102.5528
Mexico_2020,8/14,127576000,5618,511369,615,55908,23.6345,-102.5528
Mexico_2020,8/15,127576000,6345,517714,635,56543,23.6345,-102.5528
Mexico_2020,8/16,127576000,4448,522162,214,56757,23.6345,-102.5528
Mexico_2020,8/17,127576000,3571,525733,266,57023,23.6345,-102.5528
Mexico_2020,8/18,127576000,5506,531239,751,57774,23.6345,-102.5528
Mexico_2020,8/19,127576000,5792,537031,707,58481,23.6345,-102.5528
Mexico_2020,8/20,127576000,6775,543806,625,59106,23.6345,-102.5528
Mexico_2020,8/21,127576000,5928,549734,504,59610,23.6345,-102.5528
Mexico_2020,8/22,127576000,6482,556216,644,60254,23.6345,-102.5528
Mexico_2020,8/23,127576000,3948,560164,226,60480,23.6345,-102.5528
Mexico_2020,8/24,127576000,3541,563705,320,60800,23.6345,-102.5528
Mexico_2020,8/25,127576000,4916,568621,650,61450,23.6345,-102.5528
Mexico_2020,8/26,127576000,5267,573888,626,62076,23.6345,-102.5528
Mexico_2020,8/27,127576000,6026,579914,518,62594,23.6345,-102.5528
Mexico_2020,8/28,127576000,5824,585738,552,63146,23.6345,-102.5528
Mexico_2020,8/29,127576000,5974,591712,673,63819,23.6345,-102.5528
Mexico_2020,8/30,127576000,4129,595841,339,64158,23.6345,-102.5528
Mexico_2020,8/31,127576000,3719,599560,256,64414,23.6345,-102.5528
Mexico_2020,9/1,127576000,6476,606036,827,65241,23.6345,-102.5528
Mexico_2020,9/2,127576000,4921,610957,575,65816,23.6345,-102.5528
Mexico_2020,9/3,127576000,5937,616894,513,66329,23.6345,-102.5528
Mexico_2020,9/4,127576000,6196,623090,522,66851,23.6345,-102.5528
Mexico_2020,9/5,127576000,6319,629409,475,67326,23.6345,-102.5528
Mexico_2020,9/6,127576000,4614,634023,232,67558,23.6345,-102.5528
Mexico_2020,9/7,127576000,3486,637509,223,67781,23.6345,-102.5528
Mexico_2020,9/8,127576000,5351,642860,703,68484,23.6345,-102.5528
Mexico_2020,9/9,127576000,4461,647321,565,69049,23.6345,-102.5528
Mexico_2020,9/10,127576000,5043,652364,600,69649,23.6345,-102.5528
Mexico_2020,9/11,127576000,5935,658299,534,70183,23.6345,-102.5528
Mexico_2020,9/12,127576000,5674,663973,421,70604,23.6345,-102.5528
Mexico_2020,9/13,127576000,4408,668381,217,70821,23.6345,-102.5528
Mexico_2020,9/14,127576000,3335,671716,228,71049,23.6345,-102.5528
Mexico_2020,9/15,127576000,4771,676487,629,71678,23.6345,-102.5528
Mexico_2020,9/16,127576000,4444,680931,300,71978,23.6345,-102.5528
Mexico_2020,9/17,127576000,3182,684113,201,72179,23.6345,-102.5528
Mexico_2020,9/18,127576000,4841,688954,624,72803,23.6345,-102.5528
Mexico_2020,9/19,127576000,5167,694121,455,73258,23.6345,-102.5528
Mexico_2020,9/20,127576000,3542,697663,235,73493,23.6345,-102.5528
Mexico_2020,9/21,127576000,2917,700580,204,73697,23.6345,-102.5528
Mexico_2020,9/22,127576000,4683,705263,651,74348,23.6345,-102.5528
Mexico_2020,9/23,127576000,4786,710049,601,74949,23.6345,-102.5528
Mexico_2020,9/24,127576000,5408,715457,490,75439,23.6345,-102.5528
Mexico_2020,9/25,127576000,5401,720858,405,75844,23.6345,-102.5528
Mexico_2020,9/26,127576000,5573,726431,399,76243,23.6345,-102.5528
Mexico_2020,9/27,127576000,3886,730317,187,76430,23.6345,-102.5528
Mexico_2020,9/28,127576000,3400,733717,173,76603,23.6345,-102.5528
Mexico_2020,9/29,127576000,4446,738163,560,77163,23.6345,-102.5528
Mexico_2020,9/30,127576000,5053,743216,483,77646,23.6345,-102.5528
Mexico_2020,10/1,127576000,5099,748315,432,78078,23.6345,-102.5528
Mexico_2020,10/2,127576000,4775,753090,414,78492,23.6345,-102.5528
Mexico_2020,10/3,127576000,4863,757953,388,78880,23.6345,-102.5528
Mexico_2020,10/4,127576000,3712,761665,208,79088,23.6345,-102.5528
Mexico_2020,10/5,127576000,28115,789780,2789,81877,23.6345,-102.5528
Mexico_2020,10/6,127576000,4828,794608,471,82348,23.6345,-102.5528
Mexico_2020,10/7,127576000,4580,799188,378,82726,23.6345,-102.5528
Mexico_2020,10/8,127576000,5300,804488,370,83096,23.6345,-102.5528
Mexico_2020,10/9,127576000,5532,810020,401,83497,23.6345,-102.5528
Mexico_2020,10/10,127576000,4308,814328,145,83642,23.6345,-102.5528
Mexico_2020,10/11,127576000,3175,817503,139,83781,23.6345,-102.5528
Mexico_2020,10/12,127576000,3542,821045,164,83945,23.6345,-102.5528
Mexico_2020,10/13,127576000,4295,825340,475,84420,23.6345,-102.5528
Mexico_2020,10/14,127576000,4056,829396,478,84898,23.6345,-102.5528
Mexico_2020,10/15,127576000,5514,834910,387,85285,23.6345,-102.5528
Mexico_2020,10/16,127576000,6751,841661,419,85704,23.6345,-102.5528
Mexico_2020,10/17,127576000,5447,847108,355,86059,23.6345,-102.5528
Mexico_2020,10/18,127576000,4119,851227,108,86167,23.6345,-102.5528
Mexico_2020,10/19,127576000,3699,854926,171,86338,23.6345,-102.5528
Mexico_2020,10/20,127576000,5788,860714,555,86893,23.6345,-102.5528
Mexico_2020,10/21,127576000,6845,867559,522,87415,23.6345,-102.5528
Mexico_2020,10/22,127576000,6612,874171,0,87415,23.6345,-102.5528
Mexico_2020,10/23,127576000,6604,880775,897,88312,23.6345,-102.5528
Mexico_2020,10/24,127576000,6025,886800,431,88743,23.6345,-102.5528
Mexico_2020,10/25,127576000,4360,891160,181,88924,23.6345,-102.5528
Mexico_2020,10/26,127576000,4166,895326,247,89171,23.6345,-102.5528
Mexico_2020,10/27,127576000,5942,901268,643,89814,23.6345,-102.5528
Mexico_2020,10/28,127576000,5595,906863,495,90309,23.6345,-102.5528
Mexico_2020,10/29,127576000,5948,912811,464,90773,23.6345,-102.5528
Mexico_2020,10/30,127576000,6000,918811,516,91289,23.6345,-102.5528
Mexico_2020,10/31,127576000,6151,924962,464,91753,23.6345,-102.5528
Mexico_2020,11/1,127576000,4430,929392,142,91895,23.6345,-102.5528
Mexico_2020,11/2,127576000,3763,933155,205,92100,23.6345,-102.5528
Mexico_2020,11/3,127576000,5250,938405,493,92593,23.6345,-102.5528
Mexico_2020,11/4,127576000,5225,943630,635,93228,23.6345,-102.5528
Mexico_2020,11/5,127576000,5567,949197,544,93772,23.6345,-102.5528
Mexico_2020,11/6,127576000,5931,955128,551,94323,23.6345,-102.5528
Mexico_2020,11/7,127576000,6810,961938,485,94808,23.6345,-102.5528
Mexico_2020,11/8,127576000,5887,967825,219,95027,23.6345,-102.5528
Mexico_2020,11/9,127576000,4960,972785,198,95225,23.6345,-102.5528
Mexico_2020,11/10,127576000,5746,978531,617,95842,23.6345,-102.5528
Mexico_2020,11/11,127576000,7646,986177,588,96430,23.6345,-102.5528
Mexico_2020,11/12,127576000,5658,991835,626,97056,23.6345,-102.5528
Mexico_2020,11/13,127576000,5558,997393,568,97624,23.6345,-102.5528
Mexico_2020,11/14,127576000,5860,1003253,635,98259,23.6345,-102.5528
Mexico_2020,11/15,127576000,3269,1006522,283,98542,23.6345,-102.5528
Mexico_2020,11/16,127576000,2874,1009396,319,98861,23.6345,-102.5528
Mexico_2020,11/17,127576000,1757,1011153,165,99026,23.6345,-102.5528
Mexico_2020,11/18,127576000,3918,1015071,502,99528,23.6345,-102.5528
Mexico_2020,11/19,127576000,4472,1019543,576,100104,23.6345,-102.5528
Mexico_2020,11/20,127576000,6426,1025969,719,100823,23.6345,-102.5528
Mexico_2020,11/21,127576000,6719,1032688,550,101373,23.6345,-102.5528
Mexico_2020,11/22,127576000,9187,1041875,303,101676,23.6345,-102.5528
Mexico_2020,11/23,127576000,7483,1049358,250,101926,23.6345,-102.5528
Mexico_2020,11/24,127576000,10794,1060152,813,102739,23.6345,-102.5528
Mexico_2020,11/25,127576000,10335,1070487,858,103597,23.6345,-102.5528
Mexico_2020,11/26,127576000,8107,1078594,645,104242,23.6345,-102.5528
Mexico_2020,11/27,127576000,12081,1090675,631,104873,23.6345,-102.5528
Mexico_2020,11/28,127576000,10728,1101403,586,105459,23.6345,-102.5528
Mexico_2020,11/29,127576000,5668,1107071,196,105655,23.6345,-102.5528
Mexico_2020,11/30,127576000,6472,1113543,285,105940,23.6345,-102.5528
Mexico_2020,12/1,127576000,8819,1122362,825,106765,23.6345,-102.5528
Mexico_2020,12/2,127576000,11251,1133613,800,107565,23.6345,-102.5528
Mexico_2020,12/3,127576000,11030,1144643,608,108173,23.6345,-102.5528
Mexico_2020,12/4,127576000,12127,1156770,690,108863,23.6345,-102.5528
Mexico_2020,12/5,127576000,11625,1168395,593,109456,23.6345,-102.5528
Mexico_2020,12/6,127576000,7455,1175850,261,109717,23.6345,-102.5528
Mexico_2020,12/7,127576000,6399,1182249,357,110074,23.6345,-102.5528
Mexico_2020,12/8,127576000,11006,1193255,800,110874,23.6345,-102.5528
Mexico_2020,12/9,127576000,11974,1205229,781,111655,23.6345,-102.5528
Mexico_2020,12/10,127576000,11897,1217126,671,112326,23.6345,-102.5528
Mexico_2020,12/11,127576000,12253,1229379,693,113019,23.6345,-102.5528
Mexico_2020,12/12,127576000,12057,1241436,685,113704,23.6345,-102.5528
Mexico_2020,12/13,127576000,8608,1250044,249,113953,23.6345,-102.5528
Mexico_2020,12/14,127576000,5930,1255974,345,114298,23.6345,-102.5528
Mexico_2020,12/15,127576000,11228,1267202,801,115099,23.6345,-102.5528
Mexico_2020,12/16,127576000,10297,1277499,670,115769,23.6345,-102.5528
Mexico_2020,12/17,127576000,11799,1289298,718,116487,23.6345,-102.5528
Mexico_2020,12/18,127576000,12248,1301546,762,117249,23.6345,-102.5528
Mexico_2020,12/19,127576000,12129,1313675,627,117876,23.6345,-102.5528
Mexico_2020,12/20,127576000,6870,1320545,326,118202,23.6345,-102.5528
Mexico_2020,12/21,127576000,5370,1325915,396,118598,23.6345,-102.5528
Mexico_2020,12/22,127576000,12511,1338426,897,119495,23.6345,-102.5528
Mexico_2020,12/23,127576000,11653,1350079,816,120311,23.6345,-102.5528
Mexico_2020,12/24,127576000,12485,1362564,861,121172,23.6345,-102.5528
Mexico_2020,12/25,127576000,9679,1372243,665,121837,23.6345,-102.5528
Mexico_2020,12/26,127576000,4974,1377217,189,122026,23.6345,-102.5528
Mexico_2020,12/27,127576000,6217,1383434,400,122426,23.6345,-102.5528
Mexico_2020,12/28,127576000,5996,1389430,429,122855,23.6345,-102.5528
Mexico_2020,12/29,127576000,12099,1401529,990,123845,23.6345,-102.5528
Mexico_2020,12/30,127576000,12406,1413935,1052,124897,23.6345,-102.5528
Mexico_2020,12/31,127576000,12159,1426094,910,125807,23.6345,-102.5528
Mexico_2021,1/1,127576000,11091,1437185,700,126507,23.6345,-102.5528
Mexico_2021,1/2,127576000,6359,1443544,344,126851,23.6345,-102.5528
Mexico_2021,1/3,127576000,5211,1448755,362,127213,23.6345,-102.5528
Mexico_2021,1/4,127576000,6464,1455219,544,127757,23.6345,-102.5528
Mexico_2021,1/5,127576000,11271,1466490,1065,128822,23.6345,-102.5528
Mexico_2021,1/6,127576000,13345,1479835,1165,129987,23.6345,-102.5528
Mexico_2021,1/7,127576000,13734,1493569,1044,131031,23.6345,-102.5528
Mexico_2021,1/8,127576000,14362,1507931,1038,132069,23.6345,-102.5528
Mexico_2021,1/9,127576000,16105,1524036,1135,133204,23.6345,-102.5528
Mexico_2021,1/10,127576000,10003,1534039,502,133706,23.6345,-102.5528
Mexico_2021,1/11,127576000,7594,1541633,662,134368,23.6345,-102.5528
Mexico_2021,1/12,127576000,14395,1556028,1314,135682,23.6345,-102.5528
Mexico_2021,1/13,127576000,15873,1571901,1235,136917,23.6345,-102.5528
Mexico_2021,1/14,127576000,16468,1588369,999,137916,23.6345,-102.5528
Mexico_2021,1/15,127576000,21366,1609735,1106,139022,23.6345,-102.5528
Mexico_2021,1/16,127576000,20523,1630258,1219,140241,23.6345,-102.5528
Mexico_2021,1/17,127576000,11170,1641428,463,140704,23.6345,-102.5528
Mexico_2021,1/18,127576000,8074,1649502,544,141248,23.6345,-102.5528
Mexico_2021,1/19,127576000,18894,1668396,1584,142832,23.6345,-102.5528
Mexico_2021,1/20,127576000,20548,1688944,1539,144371,23.6345,-102.5528
Mexico_2021,1/21,127576000,22339,1711283,1803,146174,23.6345,-102.5528
Mexico_2021,1/22,127576000,21007,1732290,1440,147614,23.6345,-102.5528
Mexico_2021,1/23,127576000,20057,1752347,1470,149084,23.6345,-102.5528
Mexico_2021,1/24,127576000,10872,1763219,530,149614,23.6345,-102.5528
Mexico_2021,1/25,127576000,8521,1771740,659,150273,23.6345,-102.5528
Mexico_2021,1/26,127576000,17165,1788905,1743,152016,23.6345,-102.5528
Mexico_2021,1/27,127576000,17944,1806849,1623,153639,23.6345,-102.5528
Mexico_2021,1/28,127576000,18670,1825519,1506,155145,23.6345,-102.5528
Mexico_2021,1/29,127576000,16374,1841893,1434,156579,23.6345,-102.5528
Mexico_2021,1/30,127576000,15337,1857230,1495,158074,23.6345,-102.5528
Mexico_2021,1/31,127576000,7030,1864260,462,158536,23.6345,-102.5528
Mexico_2021,2/1,127576000,5448,1869708,564,159100,23.6345,-102.5528
Mexico_2021,2/2,127576000,4384,1874092,433,159533,23.6345,-102.5528
Mexico_2021,2/3,127576000,12153,1886245,1707,161240,23.6345,-102.5528
Mexico_2021,2/4,127576000,0,1886245,0,161240,23.6345,-102.5528
Mexico_2021,2/5,127576000,26626,1912871,3050,164290,23.6345,-102.5528
Mexico_2021,2/6,127576000,13209,1926080,1496,165786,23.6345,-102.5528
Mexico_2021,2/7,127576000,6065,1932145,414,166200,23.6345,-102.5528
Mexico_2021,2/8,127576000,3868,1936013,531,166731,23.6345,-102.5528
Mexico_2021,2/9,127576000,10738,1946751,1701,168432,23.6345,-102.5528
Mexico_2021,2/10,127576000,11138,1957889,1328,169760,23.6345,-102.5528
Mexico_2021,2/11,127576000,10677,1968566,1474,171234,23.6345,-102.5528
Mexico_2021,2/12,127576000,10388,1978954,1323,172557,23.6345,-102.5528
Mexico_2021,2/13,127576000,9741,1988695,1214,173771,23.6345,-102.5528
Mexico_2021,2/14,127576000,4099,1992794,436,174207,23.6345,-102.5528
Mexico_2021,2/15,127576000,3098,1995892,450,174657,23.6345,-102.5528
Mexico_2021,2/16,127576000,8683,2004575,1329,175986,23.6345,-102.5528
Mexico_2021,2/17,127576000,8988,2013563,1075,177061,23.6345,-102.5528
Mexico_2021,2/18,127576000,9099,2022662,1047,178108,23.6345,-102.5528
Mexico_2021,2/19,127576000,7829,2030491,857,178965,23.6345,-102.5528
Mexico_2021,2/20,127576000,7785,2038276,832,179797,23.6345,-102.5528
Mexico_2021,2/21,127576000,3104,2041380,310,180107,23.6345,-102.5528
Mexico_2021,2/22,127576000,2252,2043632,429,180536,23.6345,-102.5528
Mexico_2021,2/23,127576000,8634,2052266,1273,181809,23.6345,-102.5528
Mexico_2021,2/24,127576000,8642,2060908,1006,182815,23.6345,-102.5528
Mexico_2021,2/25,127576000,8462,2069370,877,183692,23.6345,-102.5528
Mexico_2021,2/26,127576000,7512,2076882,782,184474,23.6345,-102.5528
Mexico_2021,2/27,127576000,7246,2084128,783,185257,23.6345,-102.5528
Mexico_2021,2/28,127576000,2810,2086938,458,185715,23.6345,-102.5528
Mexico_2021,3/1,127576000,2343,2089281,437,186152,23.6345,-102.5528
Mexico_2021,3/2,127576000,7913,2097194,1035,187187,23.6345,-102.5528
Mexico_2021,3/3,127576000,7793,2104987,857,188044,23.6345,-102.5528
Mexico_2021,3/4,127576000,7521,2112508,822,188866,23.6345,-102.5528
Mexico_2021,3/5,127576000,6797,2119305,712,189578,23.6345,-102.5528
Mexico_2021,3/6,127576000,6561,2125866,779,190357,23.6345,-102.5528
Mexico_2021,3/7,127576000,2734,2128600,247,190604,23.6345,-102.5528
Mexico_2021,3/8,127576000,1877,2130477,319,190923,23.6345,-102.5528
Mexico_2021,3/9,127576000,7407,2137884,866,191789,23.6345,-102.5528
Mexico_2021,3/10,127576000,6602,2144486,702,192491,23.6345,-102.5528
Mexico_2021,3/11,127576000,6469,2150955,661,193152,23.6345,-102.5528
Mexico_2021,3/12,127576000,6816,2157771,699,193851,23.6345,-102.5528
Mexico_2021,3/13,127576000,6104,2163875,639,194490,23.6345,-102.5528
Mexico_2021,3/14,127576000,2415,2166290,220,194710,23.6345,-102.5528
Mexico_2021,3/15,127576000,1439,2167729,234,194944,23.6345,-102.5528
Mexico_2021,3/16,127576000,1278,2169007,175,195119,23.6345,-102.5528
Mexico_2021,3/17,127576000,6455,2175462,789,195908,23.6345,-102.5528
Mexico_2021,3/18,127576000,6726,2182188,698,196606,23.6345,-102.5528
Mexico_2021,3/19,127576000,5722,2187910,613,197219,23.6345,-102.5528
Mexico_2021,3/20,127576000,5729,2193639,608,197827,23.6345,-102.5528
Mexico_2021,3/21,127576000,2133,2195772,209,198036,23.6345,-102.5528
Mexico_2021,3/22,127576000,1388,2197160,203,198239,23.6345,-102.5528
Mexico_2021,3/23,127576000,5881,2203041,809,199048,23.6345,-102.5528
Mexico_2021,3/24,127576000,5714,2208755,579,199627,23.6345,-102.5528
Mexico_2021,3/25,127576000,5787,2214542,584,200211,23.6345,-102.5528
Mexico_2021,3/26,127576000,5303,2219845,651,200862,23.6345,-102.5528
Mexico_2021,3/27,127576000,5059,2224904,567,201429,23.6345,-102.5528
Mexico_2021,3/28,127576000,1646,2226550,194,201623,23.6345,-102.5528
Mexico_2021,3/29,127576000,1293,2227843,209,201832,23.6345,-102.5528
Mexico_2021,3/30,127576000,5067,2232910,801,202633,23.6345,-102.5528
Mexico_2021,3/31,127576000,5977,2238887,577,203210,23.6345,-102.5528
Mexico_2021,4/1,127576000,5381,2244268,454,203664,23.6345,-102.5528
Mexico_2021,4/2,127576000,3089,2247357,190,203854,23.6345,-102.5528
Mexico_2021,4/3,127576000,1838,2249195,157,204011,23.6345,-102.5528
Mexico_2021,4/4,127576000,1263,2250458,136,204147,23.6345,-102.5528
Mexico_2021,4/5,127576000,1247,2251705,252,204399,23.6345,-102.5528
Mexico_2021,4/6,127576000,4804,2256509,586,204985,23.6345,-102.5528
Mexico_2021,4/7,127576000,5370,2261879,613,205598,23.6345,-102.5528
Mexico_2021,4/8,127576000,5140,2267019,548,206146,23.6345,-102.5528
Mexico_2021,4/9,127576000,5045,2272064,874,207020,23.6345,-102.5528
Mexico_2021,4/10,127576000,6356,2278420,2192,209212,23.6345,-102.5528
Mexico_2021,4/11,127576000,1793,2280213,126,209338,23.6345,-102.5528
Mexico_2021,4/12,127576000,1627,2281840,364,209702,23.6345,-102.5528
Mexico_2021,4/13,127576000,4512,2286352,580,210282,23.6345,-102.5528
Mexico_2021,4/14,127576000,4894,2291246,530,210812,23.6345,-102.5528
Mexico_2021,4/15,127576000,4189,2295435,401,211213,23.6345,-102.5528
Mexico_2021,4/16,127576000,4504,2299939,480,211693,23.6345,-102.5528
Mexico_2021,4/17,127576000,4157,2304096,535,212228,23.6345,-102.5528
Mexico_2021,4/18,127576000,1506,2305602,111,212339,23.6345,-102.5528
Mexico_2021,4/19,127576000,1308,2306910,127,212466,23.6345,-102.5528
Mexico_2021,4/20,127576000,4262,2311172,582,213048,23.6345,-102.5528
Mexico_2021,4/21,127576000,4639,2315811,549,213597,23.6345,-102.5528
Mexico_2021,4/22,127576000,3708,2319519,498,214095,23.6345,-102.5528
Mexico_2021,4/23,127576000,3911,2323430,409,214504,23.6345,-102.5528
Mexico_2021,4/24,127576000,3308,2326738,349,214853,23.6345,-102.5528
Mexico_2021,4/25,127576000,1653,2328391,94,214947,23.6345,-102.5528
Mexico_2021,4/26,127576000,1143,2329534,166,215113,23.6345,-102.5528
Mexico_2021,4/27,127576000,3592,2333126,434,215547,23.6345,-102.5528
Mexico_2021,4/28,127576000,3818,2336944,371,215918,23.6345,-102.5528
Mexico_2021,4/29,127576000,3990,2340934,529,216447,23.6345,-102.5528
Mexico_2021,4/30,127576000,3821,2344755,460,216907,23.6345,-102.5528
Mexico_2021,5/1,127576000,3025,2347780,261,217168,23.6345,-102.5528
Mexico_2021,5/2,127576000,1093,2348873,65,217233,23.6345,-102.5528
Mexico_2021,5/3,127576000,1027,2349900,112,217345,23.6345,-102.5528
Mexico_2021,5/4,127576000,3064,2352964,395,217740,23.6345,-102.5528
Mexico_2021,5/5,127576000,3021,2355985,267,218007,23.6345,-102.5528
Mexico_2021,5/6,127576000,2846,2358831,166,218173,23.6345,-102.5528
Mexico_2021,5/7,127576000,3043,2361874,484,218657,23.6345,-102.5528
Mexico_2021,5/8,127576000,2743,2364617,271,218928,23.6345,-102.5528
Mexico_2021,5/9,127576000,1175,2365792,57,218985,23.6345,-102.5528
Mexico_2021,5/10,127576000,704,2366496,104,219089,23.6345,-102.5528
Mexico_2021,5/11,127576000,1897,2368393,234,219323,23.6345,-102.5528
Mexico_2021,5/12,127576000,3090,2371483,267,219590,23.6345,-102.5528
Mexico_2021,5/13,127576000,3632,2375115,311,219901,23.6345,-102.5528
Mexico_2021,5/14,127576000,2880,2377995,258,220159,23.6345,-102.5528
Mexico_2021,5/15,127576000,2695,2380690,225,220384,23.6345,-102.5528
Mexico_2021,5/16,127576000,1233,2381923,53,220437,23.6345,-102.5528
Mexico_2021,5/17,127576000,822,2382745,56,220493,23.6345,-102.5528
Mexico_2021,5/18,127576000,2767,2385512,253,220746,23.6345,-102.5528
Mexico_2021,5/19,127576000,2000,2387512,104,220850,23.6345,-102.5528
Mexico_2021,5/20,127576000,2628,2390140,230,221080,23.6345,-102.5528
Mexico_2021,5/21,127576000,2604,2392744,176,221256,23.6345,-102.5528
Mexico_2021,5/22,127576000,2586,2395330,341,221597,23.6345,-102.5528
Mexico_2021,5/23,127576000,1274,2396604,50,221647,23.6345,-102.5528
Mexico_2021,5/24,127576000,703,2397307,48,221695,23.6345,-102.5528
Mexico_2021,5/25,127576000,2483,2399790,265,221960,23.6345,-102.5528
Mexico_2021,5/26,127576000,2932,2402722,272,222232,23.6345,-102.5528
Mexico_2021,5/27,127576000,3050,2405772,429,222661,23.6345,-102.5528
Mexico_2021,5/28,127576000,3006,2408778,411,223072,23.6345,-102.5528
Mexico_2021,5/29,127576000,2725,2411503,383,223455,23.6345,-102.5528
Mexico_2021,5/30,127576000,1307,2412810,52,223507,23.6345,-102.5528
Mexico_2021,5/31,127576000,932,2413742,61,223568,23.6345,-102.5528
Mexico_2021,6/1,127576000,6917,2420659,4272,227840,23.6345,-102.5528
Mexico_2021,6/2,127576000,3269,2423928,306,228146,23.6345,-102.5528
Mexico_2021,6/3,127576000,2894,2426822,216,228362,23.6345,-102.5528
Mexico_2021,6/4,127576000,2809,2429631,206,228568,23.6345,-102.5528
Mexico_2021,6/5,127576000,2071,2431702,190,228758,23.6345,-102.5528
Mexico_2021,6/6,127576000,1979,2433681,46,228804,23.6345,-102.5528
Mexico_2021,6/7,127576000,881,2434562,34,228838,23.6345,-102.5528
Mexico_2021,6/8,127576000,3449,2438011,262,229100,23.6345,-102.5528
Mexico_2021,6/9,127576000,3855,2441866,253,229353,23.6345,-102.5528
Mexico_2021,6/10,127576000,3672,2445538,227,229580,23.6345,-102.5528
Mexico_2021,6/11,127576000,3282,2448820,243,229823,23.6345,-102.5528
Mexico_2021,6/12,127576000,3649,2452469,274,230097,23.6345,-102.5528
Mexico_2021,6/13,127576000,1707,2454176,53,230150,23.6345,-102.5528
Mexico_2021,6/14,127576000,1175,2455351,37,230187,23.6345,-102.5528
Mexico_2021,6/15,127576000,4250,2459601,241,230428,23.6345,-102.5528
Mexico_2021,6/16,127576000,3789,2463390,196,230624,23.6345,-102.5528
Mexico_2021,6/17,127576000,4253,2467643,168,230792,23.6345,-102.5528
Mexico_2021,6/18,127576000,4098,2471741,167,230959,23.6345,-102.5528
Mexico_2021,6/19,127576000,0,2471741,0,230959,23.6345,-102.5528
Mexico_2021,6/20,127576000,5542,2477283,228,231187,23.6345,-102.5528
Mexico_2021,6/21,127576000,1268,2478551,57,231244,23.6345,-102.5528
Mexico_2021,6/22,127576000,4233,2482784,261,231505,23.6345,-102.5528
Mexico_2021,6/23,127576000,4963,2487747,342,231847,23.6345,-102.5528
Mexico_2021,6/24,127576000,5340,2493087,221,232068,23.6345,-102.5528
Mexico_2021,6/25,127576000,5270,2498357,278,232346,23.6345,-102.5528
Mexico_2021,6/26,127576000,5051,2503408,175,232521,23.6345,-102.5528
Mexico_2021,6/27,127576000,2384,2505792,43,232564,23.6345,-102.5528
Mexico_2021,6/28,127576000,1661,2507453,44,232608,23.6345,-102.5528
Mexico_2021,6/29,127576000,5711,2513164,195,232803,23.6345,-102.5528
Mexico_2021,6/30,127576000,6105,2519269,244,233047,23.6345,-102.5528
Mexico_2021,7/1,127576000,6081,2525350,201,233248,23.6345,-102.5528
Mexico_2021,7/2,127576000,5842,2531192,180,233428,23.6345,-102.5528
Mexico_2021,7/3,127576000,6265,2537457,152,233580,23.6345,-102.5528
Mexico_2021,7/4,127576000,2611,2540068,42,233622,23.6345,-102.5528
Mexico_2021,7/5,127576000,1805,2541873,67,233689,23.6345,-102.5528
Mexico_2021,7/6,127576000,7989,2549862,269,233958,23.6345,-102.5528
Mexico_2021,7/7,127576000,8507,2558369,234,234192,23.6345,-102.5528
Mexico_2021,7/8,127576000,9452,2567821,266,234458,23.6345,-102.5528
Mexico_2021,7/9,127576000,9319,2577140,217,234675,23.6345,-102.5528
Mexico_2021,7/10,127576000,9581,2586721,232,234907,23.6345,-102.5528
Mexico_2021,7/11,127576000,3779,2590500,62,234969,23.6345,-102.5528
Mexico_2021,7/12,127576000,3074,2593574,89,235058,23.6345,-102.5528
Mexico_2021,7/13,127576000,11137,2604711,219,235277,23.6345,-102.5528
Mexico_2021,7/14,127576000,12116,2616827,230,235507,23.6345,-102.5528
Mexico_2021,7/15,127576000,12821,2629648,233,235740,23.6345,-102.5528
Mexico_2021,7/16,127576000,12420,2642068,275,236015,23.6345,-102.5528
Mexico_2021,7/17,127576000,12631,2654699,225,236240,23.6345,-102.5528
Mexico_2021,7/18,127576000,4438,2659137,91,236331,23.6345,-102.5528
Mexico_2021,7/19,127576000,5307,2664444,138,236469,23.6345,-102.5528
Mexico_2021,7/20,127576000,13853,2678297,341,236810,23.6345,-102.5528
Mexico_2021,7/21,127576000,15198,2693495,397,237207,23.6345,-102.5528
Mexico_2021,7/22,127576000,16244,2709739,419,237626,23.6345,-102.5528
Mexico_2021,7/23,127576000,0,2709739,0,237626,23.6345,-102.5528
Mexico_2021,7/24,127576000,32244,2741983,690,238316,23.6345,-102.5528
Mexico_2021,7/25,127576000,6535,2748518,108,238424,23.6345,-102.5528
Mexico_2021,7/26,127576000,5920,2754438,171,238595,23.6345,-102.5528
Mexico_2021,7/27,127576000,17408,2771846,484,239079,23.6345,-102.5528
Mexico_2021,7/28,127576000,19028,2790874,537,239616,23.6345,-102.5528
Mexico_2021,7/29,127576000,19223,2810097,381,239997,23.6345,-102.5528
Mexico_2021,7/30,127576000,19346,2829443,459,240456,23.6345,-102.5528
Mexico_2021,7/31,127576000,18809,2848252,450,240906,23.6345,-102.5528
Mexico_2021,8/1,127576000,6740,2854992,128,241034,23.6345,-102.5528
Mexico_2021,8/2,127576000,6506,2861498,245,241279,23.6345,-102.5528
Mexico_2021,8/3,127576000,18911,2880409,657,241936,23.6345,-102.5528
Mexico_2021,8/4,127576000,20685,2901094,611,242547,23.6345,-102.5528
Mexico_2021,8/5,127576000,21569,2922663,618,243165,23.6345,-102.5528
Mexico_2021,8/6,127576000,21563,2944226,568,243733,23.6345,-102.5528
Mexico_2021,8/7,127576000,20018,2964244,515,244248,23.6345,-102.5528
Mexico_2021,8/8,127576000,7573,2971817,172,244420,23.6345,-102.5528
Mexico_2021,8/9,127576000,6513,2978330,270,244690,23.6345,-102.5528
Mexico_2021,8/10,127576000,19555,2997885,786,245476,23.6345,-102.5528
Mexico_2021,8/11,127576000,22711,3020596,727,246203,23.6345,-102.5528
Mexico_2021,8/12,127576000,24975,3045571,608,246811,23.6345,-102.5528
Mexico_2021,8/13,127576000,22758,3068329,603,247414,23.6345,-102.5528
Mexico_2021,8/14,127576000,23642,3091971,753,248167,23.6345,-102.5528
Mexico_2021,8/15,127576000,0,3091971,0,248167,23.6345,-102.5528
Mexico_2021,8/16,127576000,16467,3108438,485,248652,23.6345,-102.5528
Mexico_2021,8/17,127576000,14814,3123252,877,249529,23.6345,-102.5528
Mexico_2021,8/18,127576000,28953,3152205,940,250469,23.6345,-102.5528
Mexico_2021,8/19,127576000,23169,3175374,836,251305,23.6345,-102.5528
Mexico_2021,8/20,127576000,21734,3197108,775,252080,23.6345,-102.5528
Mexico_2021,8/21,127576000,20307,3217415,847,252927,23.6345,-102.5528
Mexico_2021,8/22,127576000,7658,3225073,228,253155,23.6345,-102.5528
Mexico_2021,8/23,127576000,6543,3231616,371,253526,23.6345,-102.5528
